5020-bin,1,"To prevent page flashing, the optimizely JS needs to be loaded in the"
5020-bin,2,<head> tag before the DOM renders
5020-bin,3,Skip to content
5020-bin,4,Sign up
5020-bin,5,Hosting
5020-bin,6,Explore
5020-bin,7,Explore GitHub →
5020-bin,8,Learn & contribute
5020-bin,9,Learning Lab
5020-bin,10,Connect with others
5020-bin,11,Compare plans
5020-bin,12,Jump to
5020-bin,13,Jump to
5020-bin,14,Jump to
5020-bin,15,Sign in
5020-bin,16,Sign up
5020-bin,17,Watch
5020-bin,18,Fork
5020-bin,19,Pull requests
5020-bin,20,Pull requests
5020-bin,21,Dismiss
5020-bin,22,Join GitHub today
5020-bin,23,"GitHub is home to over 50 million developers working together to host and review code, manage projects, and build software together."
5020-bin,24,Sign up
5020-bin,25,GitHub is where the world builds software
5020-bin,26,"Millions of developers and companies build, ship, and maintain their software on GitHub — the largest and most advanced development platform in the world."
5020-bin,27,Sign up for free
5020-bin,28,Dismiss
5020-bin,29,CTF-writeups-public/seccon2016/loggy.py
5020-bin,30,Jump to
5020-bin,31,No definitions found in this file.
5020-bin,32,Go to file
5020-bin,33,Go to file
5020-bin,34,Go to line
5020-bin,35,Go to definition
5020-bin,36,Cannot retrieve contributors at this time
5020-bin,37,Blame
5020-bin,38,# create tmp file
5020-bin,39,"print ""new top chunk at {:08x}"".format(new_top_chunk)"
5020-bin,40,"#raw_input(""wait 4 remove"")"
5020-bin,41,View git blame
5020-bin,42,Help
5020-bin,43,You can't perform that action at this time.
5020-bin,44,You signed in with another tab or window
5020-bin,45,Reload to refresh your session.
5020-bin,46,You signed out in another tab or window
5020-bin,47,Reload to refresh your session.
5020-bin,48,We use optional third-party analytics cookies to understand how you use GitHub.com so we can build better products.
5020-bin,49,Learn more.
5020-bin,50,Accept
5020-bin,51,Reject
5020-bin,52,We use optional third-party analytics cookies to understand how you use GitHub.com so we can build better products.
5020-bin,53,You can always update your selection by clicking Cookie Preferences at the bottom of the page.
5020-bin,54,"For more information, see our Privacy Statement."
5020-bin,55,"We use essential cookies to perform essential website functions, e.g"
5020-bin,56,they're used to log you in.
5020-bin,57,Learn more
5020-bin,58,"We use analytics cookies to understand how you use our websites so we can make them better, e.g"
5020-bin,59,they're used to gather information about the pages you visit and how many clicks you need to accomplish a task.
5020-bin,60,Learn more
5020-bin,61,Accept
5020-bin,62,Reject
